"x_a","x_b","e_star_a","e_star_b","e_hat_a","e_hat_b","e_a_star","npv_a_star","npv_b_star","npv_a_hat","npv_b_hat","V_star","WTP_A","WTA_B","accept"
0.1,0.1,0.1,0.1,0.1,0,0,0,0,0,19.8815894155933,1,1,19.8815894155933,FALSE
0.1,5.35789473684211,0.1,5.35789473684211,0.1,0,0.1,0,0,0,1065.23463289863,2643.81674506839,2643.81674506839,1065.23463289863,TRUE
0.1,10.6157894736842,0.1,10.6157894736842,0.1,0,0.1,0,0,0,2110.58767638167,2890.26608694547,2890.26608694547,2110.58767638167,TRUE
0.1,15.8736842105263,0.1,15.8736842105263,0.1,0,0.1,0,0,0,3155.94071986471,3034.87913759188,3034.87913759188,3155.94071986471,FALSE
0.1,21.1315789473684,0.1,21.1315789473684,0.1,0,0.1,0,0,0,4201.29376334774,3142.02059845334,3142.02059845334,4201.29376334774,FALSE
0.1,26.3894736842105,0.1,26.3894736842105,0.1,0,0.1,0,0,0,5246.64680683078,3230.01045693354,3230.01045693354,5246.64680683078,FALSE
0.1,31.6473684210526,0.1,31.6473684210526,0.1,0,0.1,0,0,0,6291.99985031382,3305.50526300525,3305.50526300525,6291.99985031382,FALSE
0.1,36.9052631578947,0.1,36.9052631578947,0.1,0,0.1,0,0,0,7337.35289379686,3372.61652577089,3372.61652577089,7337.35289379686,FALSE
0.1,42.1631578947368,0.1,42.1631578947368,0.1,0,0.1,0,0,0,8382.70593727989,3432.88723961158,3432.88723961158,8382.70593727989,FALSE
0.1,47.421052631579,0.1,45.6140350877193,0.1,0,0.1,0,359.263808737916,0,9428.05898076293,3488.70141146526,3488.70141146526,9428.05898076293,FALSE
0.1,52.6789473684211,0.1,45.6140350877193,0.1,0,0.1,0,1404.61685222095,0,10473.412024246,3541.1197581089,3541.1197581089,10473.412024246,FALSE
0.1,57.9368421052632,0.1,45.6140350877193,0.1,0,0.1,0,2449.96989570399,0,11518.765067729,3590.22879738094,3590.22879738094,11518.765067729,FALSE
0.1,63.1947368421053,0.1,45.6140350877193,0.1,0,0.1,0,3495.32293918703,0,12564.118111212,3636.02852928138,3636.02852928138,12564.118111212,FALSE
0.1,68.4526315789474,0.1,45.6140350877193,0.1,0,0.1,0,4540.67598267007,0,13609.4711546951,3678.51895381022,3678.51895381022,13609.4711546951,FALSE
0.1,73.7105263157895,0.1,45.6140350877193,0.1,0,0.1,0,5586.0290261531,0,14654.8241981781,3717.70007096746,3717.70007096746,14654.8241981781,FALSE
0.1,78.9684210526316,0.1,45.6140350877193,0.1,0,0.1,0,6631.38206963614,0,15700.1772416612,3753.57188075309,3753.57188075309,15700.1772416612,FALSE
0.1,84.2263157894737,0.1,45.6140350877193,0.1,0,0.1,0,7676.73511311918,0,16745.5302851442,3786.13438316712,3786.13438316712,16745.5302851442,FALSE
0.1,89.4842105263158,0.1,45.6140350877193,0.1,0,0.1,0,8722.08815660221,0,17790.8833286272,3815.38757820955,3815.38757820955,17790.8833286272,FALSE
0.1,94.7421052631579,0.1,45.6140350877193,0.1,0,0.1,0,9767.44120008525,0,18836.2363721103,3841.33146588038,3841.33146588038,18836.2363721103,FALSE
0.1,100,0.1,45.6140350877193,0.1,0,0.1,0,10812.7942435683,0,19881.5894155933,3863.96604617961,3863.96604617961,19881.5894155933,FALSE
5.35789473684211,0.1,5.35789473684211,0.1,5.35789473684211,0,5.35789473684211,0,0,0,19.8815894155933,2643.81674506839,2643.81674506839,19.8815894155933,TRUE
5.35789473684211,5.35789473684211,5.35789473684211,5.35789473684211,5.35789473684211,0,5.35789473684211,0,0,0,1065.23463289863,2898.27247959197,2898.27247959197,1065.23463289863,TRUE
5.35789473684211,10.6157894736842,5.35789473684211,10.6157894736842,5.35789473684211,0,5.35789473684211,0,0,0,2110.58767638167,3045.12496690396,3045.12496690396,2110.58767638167,TRUE
5.35789473684211,15.8736842105263,5.35789473684211,15.8736842105263,5.35789473684211,0,5.35789473684211,0,0,0,3155.94071986471,3155.31458427976,3155.31458427976,3155.94071986471,FALSE
5.35789473684211,21.1315789473684,5.35789473684211,21.1315789473684,5.35789473684211,0,5.35789473684211,0,0,0,4201.29376334774,3245.84491239219,3245.84491239219,4201.29376334774,FALSE
5.35789473684211,26.3894736842105,5.35789473684211,26.3894736842105,5.35789473684211,0,5.35789473684211,0,0,0,5246.64680683078,3323.95369183999,3323.95369183999,5246.64680683078,FALSE
5.35789473684211,31.6473684210526,5.35789473684211,31.6473684210526,5.35789473684211,0,5.35789473684211,0,0,0,6291.99985031382,3393.45770161225,3393.45770161225,6291.99985031382,FALSE
5.35789473684211,36.9052631578947,5.35789473684211,36.9052631578947,5.35789473684211,0,5.35789473684211,0,0,0,7337.35289379686,3456.13890905123,3456.13890905123,7337.35289379686,FALSE
5.35789473684211,42.1631578947368,5.35789473684211,42.1631578947368,5.35789473684211,0,5.35789473684211,0,0,0,8382.70593727989,3515.17587043807,3515.17587043807,8382.70593727989,FALSE
5.35789473684211,47.421052631579,5.35789473684211,45.6140350877193,5.35789473684211,0,5.35789473684211,0,359.263808737916,0,9428.05898076293,3570.90352445332,3570.90352445332,9428.05898076293,FALSE
5.35789473684211,52.6789473684211,5.35789473684211,45.6140350877193,5.35789473684211,0,5.35789473684211,0,1404.61685222095,0,10473.412024246,3623.32187109696,3623.32187109696,10473.412024246,FALSE
5.35789473684211,57.9368421052632,5.35789473684211,45.6140350877193,5.35789473684211,0,5.35789473684211,0,2449.96989570399,0,11518.765067729,3672.430910369,3672.430910369,11518.765067729,FALSE
5.35789473684211,63.1947368421053,5.35789473684211,45.6140350877193,5.35789473684211,0,5.35789473684211,0,3495.32293918703,0,12564.118111212,3718.23064226944,3718.23064226944,12564.118111212,FALSE
5.35789473684211,68.4526315789474,5.35789473684211,45.6140350877193,5.35789473684211,0,5.35789473684211,0,4540.67598267007,0,13609.4711546951,3760.72106679828,3760.72106679828,13609.4711546951,FALSE
5.35789473684211,73.7105263157895,5.35789473684211,45.6140350877193,5.35789473684211,0,5.35789473684211,0,5586.0290261531,0,14654.8241981781,3799.90218395552,3799.90218395552,14654.8241981781,FALSE
5.35789473684211,78.9684210526316,5.35789473684211,45.6140350877193,5.35789473684211,0,5.35789473684211,0,6631.38206963614,0,15700.1772416612,3835.77399374115,3835.77399374115,15700.1772416612,FALSE
5.35789473684211,84.2263157894737,5.35789473684211,45.6140350877193,5.35789473684211,0,5.35789473684211,0,7676.73511311918,0,16745.5302851442,3868.33649615518,3868.33649615518,16745.5302851442,FALSE
5.35789473684211,89.4842105263158,5.35789473684211,45.6140350877193,5.35789473684211,0,5.35789473684211,0,8722.08815660221,0,17790.8833286272,3897.58969119761,3897.58969119761,17790.8833286272,FALSE
5.35789473684211,94.7421052631579,5.35789473684211,45.6140350877193,5.35789473684211,0,5.35789473684211,0,9767.44120008525,0,18836.2363721103,3923.53357886844,3923.53357886844,18836.2363721103,FALSE
5.35789473684211,100,5.35789473684211,45.6140350877193,5.35789473684211,0,5.35789473684211,0,10812.7942435683,0,19881.5894155933,3946.03407415552,3946.03407415552,19881.5894155933,FALSE
10.6157894736842,0.1,10.6157894736842,0.1,10.6157894736842,0,10.6157894736842,0,0,0,19.8815894155933,2890.26608694547,2890.26608694547,19.8815894155933,TRUE
10.6157894736842,5.35789473684211,10.6157894736842,5.35789473684211,10.6157894736842,0,10.6157894736842,0,0,0,1065.23463289863,3045.12496690396,3045.12496690396,1065.23463289863,TRUE
10.6157894736842,10.6157894736842,10.6157894736842,10.6157894736842,10.6157894736842,0,10.6157894736842,0,0,0,2110.58767638167,3159.73775651843,3159.73775651843,2110.58767638167,TRUE
10.6157894736842,15.8736842105263,10.6157894736842,15.8736842105263,10.6157894736842,0,10.6157894736842,0,0,0,3155.94071986471,3253.74404578023,3253.74404578023,3155.94071986471,TRUE
10.6157894736842,21.1315789473684,10.6157894736842,21.1315789473684,10.6157894736842,0,10.6157894736842,0,0,0,4201.29376334774,3334.68097430865,3334.68097430865,4201.29376334774,FALSE
10.6157894736842,26.3894736842105,10.6157894736842,26.3894736842105,10.6157894736842,0,10.6157894736842,0,0,0,5246.64680683078,3406.80071826335,3406.80071826335,5246.64680683078,FALSE
10.6157894736842,31.6473684210526,10.6157894736842,31.6473684210526,10.6157894736842,0,10.6157894736842,0,0,0,6291.99985031382,3472.68544590924,3472.68544590924,6291.99985031382,FALSE
10.6157894736842,36.9052631578947,10.6157894736842,36.9052631578947,10.6157894736842,0,10.6157894736842,0,0,0,7337.35289379686,3535.03171466769,3535.03171466769,7337.35289379686,FALSE
10.6157894736842,42.1631578947368,10.6157894736842,42.1631578947368,10.6157894736842,0,10.6157894736842,0,0,0,8382.70593727989,3594.06867605453,3594.06867605453,8382.70593727989,FALSE
10.6157894736842,47.421052631579,10.6157894736842,45.6140350877193,10.6157894736842,0,10.6157894736842,0,359.263808737916,0,9428.05898076293,3649.79633006978,3649.79633006978,9428.05898076293,FALSE
10.6157894736842,52.6789473684211,10.6157894736842,45.6140350877193,10.6157894736842,0,10.6157894736842,0,1404.61685222095,0,10473.412024246,3702.21467671342,3702.21467671342,10473.412024246,FALSE
10.6157894736842,57.9368421052632,10.6157894736842,45.6140350877193,10.6157894736842,0,10.6157894736842,0,2449.96989570399,0,11518.765067729,3751.32371598546,3751.32371598546,11518.765067729,FALSE
10.6157894736842,63.1947368421053,10.6157894736842,45.6140350877193,10.6157894736842,0,10.6157894736842,0,3495.32293918703,0,12564.118111212,3797.1234478859,3797.1234478859,12564.118111212,FALSE
10.6157894736842,68.4526315789474,10.6157894736842,45.6140350877193,10.6157894736842,0,10.6157894736842,0,4540.67598267007,0,13609.4711546951,3839.61387241474,3839.61387241474,13609.4711546951,FALSE
10.6157894736842,73.7105263157895,10.6157894736842,45.6140350877193,10.6157894736842,0,10.6157894736842,0,5586.0290261531,0,14654.8241981781,3878.79498957198,3878.79498957198,14654.8241981781,FALSE
10.6157894736842,78.9684210526316,10.6157894736842,45.6140350877193,10.6157894736842,0,10.6157894736842,0,6631.38206963614,0,15700.1772416612,3914.66679935761,3914.66679935761,15700.1772416612,FALSE
10.6157894736842,84.2263157894737,10.6157894736842,45.6140350877193,10.6157894736842,0,10.6157894736842,0,7676.73511311918,0,16745.5302851442,3947.08885627072,3947.08885627072,16745.5302851442,FALSE
10.6157894736842,89.4842105263158,10.6157894736842,45.6140350877193,10.6157894736842,0,10.3925415202099,0,8722.08815660221,0,17790.8833286272,3975.13638058303,3975.13638058303,17790.8833286272,FALSE
10.6157894736842,94.7421052631579,10.6157894736842,45.6140350877193,10.6157894736842,0,8.62568249069997,0,9767.44120008525,0,18836.2363721103,3992.5612125212,3992.5612125212,18836.2363721103,FALSE
10.6157894736842,100,10.6157894736842,45.6140350877193,10.6157894736842,0,7.09420620094942,0,10812.7942435683,0,19881.5894155933,4007.51025057602,4007.51025057602,19881.5894155933,FALSE
15.8736842105263,0.1,15.8736842105263,0.1,15.8736842105263,0,15.8736842105263,0,0,0,19.8815894155933,3034.87913759188,3034.87913759188,19.8815894155933,TRUE
15.8736842105263,5.35789473684211,15.8736842105263,5.35789473684211,15.8736842105263,0,15.8736842105263,0,0,0,1065.23463289863,3155.31458427976,3155.31458427976,1065.23463289863,TRUE
15.8736842105263,10.6157894736842,15.8736842105263,10.6157894736842,15.8736842105263,0,15.8736842105263,0,0,0,2110.58767638167,3253.74404578023,3253.74404578023,2110.58767638167,TRUE
15.8736842105263,15.8736842105263,15.8736842105263,15.8736842105263,15.8736842105263,0,15.8736842105263,0,0,0,3155.94071986471,3338.18095925706,3338.18095925706,3155.94071986471,TRUE
15.8736842105263,21.1315789473684,15.8736842105263,21.1315789473684,15.8736842105263,0,15.8736842105263,0,0,0,4201.29376334774,3413.45572066642,3413.45572066642,4201.29376334774,FALSE
15.8736842105263,26.3894736842105,15.8736842105263,26.3894736842105,15.8736842105263,0,15.8736842105263,0,0,0,5246.64680683078,3482.61336802404,3482.61336802404,5246.64680683078,FALSE
15.8736842105263,31.6473684210526,15.8736842105263,31.6473684210526,15.8736842105263,0,15.8736842105263,0,0,0,6291.99985031382,3548.26894415409,3548.26894415409,6291.99985031382,FALSE
15.8736842105263,36.9052631578947,15.8736842105263,36.9052631578947,15.8736842105263,0,15.8736842105263,0,0,0,7337.35289379686,3610.61521291254,3610.61521291254,7337.35289379686,FALSE
15.8736842105263,42.1631578947368,15.8736842105263,42.1631578947368,15.8736842105263,0,15.8736842105263,0,0,0,8382.70593727989,3669.65217429939,3669.65217429939,8382.70593727989,FALSE
15.8736842105263,47.421052631579,15.8736842105263,45.6140350877193,15.8736842105263,0,15.8736842105263,0,359.263808737916,0,9428.05898076293,3725.37982831463,3725.37982831463,9428.05898076293,FALSE
15.8736842105263,52.6789473684211,15.8736842105263,45.6140350877193,15.8736842105263,0,15.8736842105263,0,1404.61685222095,0,10473.412024246,3777.79817495828,3777.79817495828,10473.412024246,FALSE
15.8736842105263,57.9368421052632,15.8736842105263,45.6140350877193,15.8736842105263,0,15.8736842105263,0,2449.96989570399,0,11518.765067729,3826.90721423032,3826.90721423032,11518.765067729,FALSE
15.8736842105263,63.1947368421053,15.8736842105263,45.6140350877193,15.8736842105263,0,15.8736842105263,0,3495.32293918703,0,12564.118111212,3872.70694613076,3872.70694613076,12564.118111212,FALSE
15.8736842105263,68.4526315789474,15.8736842105263,45.6140350877193,15.8736842105263,0,15.8736842105263,0,4540.67598267007,0,13609.4711546951,3915.1973706596,3915.1973706596,13609.4711546951,FALSE
15.8736842105263,73.7105263157895,15.8736842105263,45.6140350877193,15.8736842105263,0,15.8736842105263,0,5586.0290261531,0,14654.8241981781,3954.19519009476,3954.19519009476,14654.8241981781,FALSE
15.8736842105263,78.9684210526316,15.8736842105263,45.6140350877193,15.8736842105263,0,14.6654983815397,0,6631.38206963614,0,15700.1772416612,3984.96107670171,3984.96107670171,15700.1772416612,FALSE
15.8736842105263,84.2263157894737,15.8736842105263,45.6140350877193,15.8736842105263,0,12.3713581441345,0,7676.73511311918,0,16745.5302851442,4007.56337140024,4007.56337140024,16745.5302851442,FALSE
15.8736842105263,89.4842105263158,15.8736842105263,45.6140350877193,15.8736842105263,0,10.3031069857388,0,8722.08815660221,0,17790.8833286272,4027.30090871896,4027.30090871896,17790.8833286272,FALSE
15.8736842105263,94.7421052631579,15.8736842105263,45.6140350877193,15.8736842105263,0,8.62195088109267,0,9767.44120008525,0,18836.2363721103,4045.12210297509,4045.12210297509,18836.2363721103,FALSE
15.8736842105263,100,15.8736842105263,45.6140350877193,15.8736842105263,0,6.90135525467827,0,10812.7942435683,0,19881.5894155933,4059.11869751967,4059.11869751967,19881.5894155933,FALSE
21.1315789473684,0.1,21.1315789473684,0.1,21.1315789473684,0,21.1315789473684,0,0,0,19.8815894155933,3142.02059845334,3142.02059845334,19.8815894155933,TRUE
21.1315789473684,5.35789473684211,21.1315789473684,5.35789473684211,21.1315789473684,0,21.1315789473684,0,0,0,1065.23463289863,3245.84491239219,3245.84491239219,1065.23463289863,TRUE
21.1315789473684,10.6157894736842,21.1315789473684,10.6157894736842,21.1315789473684,0,21.1315789473684,0,0,0,2110.58767638167,3334.68097430865,3334.68097430865,2110.58767638167,TRUE
21.1315789473684,15.8736842105263,21.1315789473684,15.8736842105263,21.1315789473684,0,21.1315789473684,0,0,0,3155.94071986471,3413.45572066642,3413.45572066642,3155.94071986471,TRUE
21.1315789473684,21.1315789473684,21.1315789473684,21.1315789473684,21.1315789473684,0,21.1315789473684,0,0,0,4201.29376334774,3485.92267539564,3485.92267539564,4201.29376334774,FALSE
21.1315789473684,26.3894736842105,21.1315789473684,26.3894736842105,21.1315789473684,0,21.1315789473684,0,0,0,5246.64680683078,3554.8875588973,3554.8875588973,5246.64680683078,FALSE
21.1315789473684,31.6473684210526,21.1315789473684,31.6473684210526,21.1315789473684,0,21.1315789473684,0,0,0,6291.99985031382,3620.54313502735,3620.54313502735,6291.99985031382,FALSE
21.1315789473684,36.9052631578947,21.1315789473684,36.9052631578947,21.1315789473684,0,21.1315789473684,0,0,0,7337.35289379686,3682.8894037858,3682.8894037858,7337.35289379686,FALSE
21.1315789473684,42.1631578947368,21.1315789473684,42.1631578947368,21.1315789473684,0,21.1315789473684,0,0,0,8382.70593727989,3741.92636517264,3741.92636517264,8382.70593727989,FALSE
21.1315789473684,47.421052631579,21.1315789473684,45.6140350877193,21.1315789473684,0,21.1315789473684,0,359.263808737916,0,9428.05898076293,3797.65401918789,3797.65401918789,9428.05898076293,FALSE
21.1315789473684,52.6789473684211,21.1315789473684,45.6140350877193,21.1315789473684,0,21.1315789473684,0,1404.61685222095,0,10473.412024246,3850.07236583153,3850.07236583153,10473.412024246,FALSE
21.1315789473684,57.9368421052632,21.1315789473684,45.6140350877193,21.1315789473684,0,21.1315789473684,0,2449.96989570399,0,11518.765067729,3899.18140510357,3899.18140510357,11518.765067729,FALSE
21.1315789473684,63.1947368421053,21.1315789473684,45.6140350877193,21.1315789473684,0,21.1315789473684,0,3495.32293918703,0,12564.118111212,3944.85416700271,3944.85416700271,12564.118111212,FALSE
21.1315789473684,68.4526315789474,21.1315789473684,45.6140350877193,21.1315789473684,0,20.0706456884393,0,4540.67598267007,0,13609.4711546951,3983.46813667031,3983.46813667031,13609.4711546951,FALSE
21.1315789473684,73.7105263157895,21.1315789473684,45.6140350877193,21.1315789473684,0,17.2032761801426,0,5586.0290261531,0,14654.8241981781,4011.95576947907,4011.95576947907,14654.8241981781,FALSE
21.1315789473684,78.9684210526316,21.1315789473684,45.6140350877193,21.1315789473684,0,14.4641480605359,0,6631.38206963614,0,15700.1772416612,4036.70804442709,4036.70804442709,15700.1772416612,FALSE
21.1315789473684,84.2263157894737,21.1315789473684,45.6140350877193,21.1315789473684,0,12.3144039880067,0,7676.73511311918,0,16745.5302851442,4059.89192639779,4059.89192639779,16745.5302851442,FALSE
21.1315789473684,89.4842105263158,21.1315789473684,45.6140350877193,21.1315789473684,0,10.3929447499721,0,8722.08815660221,0,17790.8833286272,4080.29614163943,4080.29614163943,17790.8833286272,FALSE
21.1315789473684,94.7421052631579,21.1315789473684,45.6140350877193,21.1315789473684,0,8.64219397203416,0,9767.44120008525,0,18836.2363721103,4097.79898490709,4097.79898490709,18836.2363721103,FALSE
21.1315789473684,100,21.1315789473684,45.6140350877193,21.1315789473684,0,7.13492229989367,0,10812.7942435683,0,19881.5894155933,4112.87247866072,4112.87247866072,19881.5894155933,FALSE
26.3894736842105,0.1,26.3894736842105,0.1,26.3894736842105,0,26.3894736842105,0,0,0,19.8815894155933,3230.01045693354,3230.01045693354,19.8815894155933,TRUE
26.3894736842105,5.35789473684211,26.3894736842105,5.35789473684211,26.3894736842105,0,26.3894736842105,0,0,0,1065.23463289863,3323.95369183999,3323.95369183999,1065.23463289863,TRUE
26.3894736842105,10.6157894736842,26.3894736842105,10.6157894736842,26.3894736842105,0,26.3894736842105,0,0,0,2110.58767638167,3406.80071826335,3406.80071826335,2110.58767638167,TRUE
26.3894736842105,15.8736842105263,26.3894736842105,15.8736842105263,26.3894736842105,0,26.3894736842105,0,0,0,3155.94071986471,3482.61336802404,3482.61336802404,3155.94071986471,TRUE
26.3894736842105,21.1315789473684,26.3894736842105,21.1315789473684,26.3894736842105,0,26.3894736842105,0,0,0,4201.29376334774,3554.8875588973,3554.8875588973,4201.29376334774,FALSE
26.3894736842105,26.3894736842105,26.3894736842105,26.3894736842105,26.3894736842105,0,26.3894736842105,0,0,0,5246.64680683078,3623.85244239895,3623.85244239895,5246.64680683078,FALSE
26.3894736842105,31.6473684210526,26.3894736842105,31.6473684210526,26.3894736842105,0,26.3894736842105,0,0,0,6291.99985031382,3689.508018529,3689.508018529,6291.99985031382,FALSE
26.3894736842105,36.9052631578947,26.3894736842105,36.9052631578947,26.3894736842105,0,26.3894736842105,0,0,0,7337.35289379686,3751.85428728745,3751.85428728745,7337.35289379686,FALSE
26.3894736842105,42.1631578947368,26.3894736842105,42.1631578947368,26.3894736842105,0,26.3894736842105,0,0,0,8382.70593727989,3810.8912486743,3810.8912486743,8382.70593727989,FALSE
26.3894736842105,47.421052631579,26.3894736842105,45.6140350877193,26.3894736842105,0,26.3894736842105,0,359.263808737916,0,9428.05898076293,3866.61890268954,3866.61890268954,9428.05898076293,FALSE
26.3894736842105,52.6789473684211,26.3894736842105,45.6140350877193,26.3894736842105,0,26.3894736842105,0,1404.61685222095,0,10473.412024246,3919.03724933318,3919.03724933318,10473.412024246,FALSE
26.3894736842105,57.9368421052632,26.3894736842105,45.6140350877193,26.3894736842105,0,26.3894736842105,0,2449.96989570399,0,11518.765067729,3967.88046668523,3967.88046668523,11518.765067729,FALSE
26.3894736842105,63.1947368421053,26.3894736842105,45.6140350877193,26.3894736842105,0,23.2291663476867,0,3495.32293918703,0,12564.118111212,4004.1996026519,4004.1996026519,12564.118111212,FALSE
26.3894736842105,68.4526315789474,26.3894736842105,45.6140350877193,26.3894736842105,0,19.9369307549605,0,4540.67598267007,0,13609.4711546951,4035.58111019449,4035.58111019449,13609.4711546951,FALSE
26.3894736842105,73.7105263157895,26.3894736842105,45.6140350877193,26.3894736842105,0,17.1955066158164,0,5586.0290261531,0,14654.8241981781,4064.50504861711,4064.50504861711,14654.8241981781,FALSE
26.3894736842105,78.9684210526316,26.3894736842105,45.6140350877193,26.3894736842105,0,14.6676499410123,0,6631.38206963614,0,15700.1772416612,4090.12783563436,4090.12783563436,15700.1772416612,FALSE
26.3894736842105,84.2263157894737,26.3894736842105,45.6140350877193,26.3894736842105,0,12.2901042905212,0,7676.73511311918,0,16745.5302851442,4112.36392548477,4112.36392548477,16745.5302851442,FALSE
26.3894736842105,89.4842105263158,26.3894736842105,45.6140350877193,26.3894736842105,0,10.392148607161,0,8722.08815660221,0,17790.8833286272,4132.87140410028,4132.87140410028,17790.8833286272,FALSE
26.3894736842105,94.7421052631579,26.3894736842105,45.6140350877193,26.3894736842105,0,8.64202714985984,0,9767.44120008525,0,18836.2363721103,4150.37712540153,4150.37712540153,18836.2363721103,FALSE
26.3894736842105,100,26.3894736842105,45.6140350877193,26.3894736842105,0,7.13536998707502,0,10812.7942435683,0,19881.5894155933,4165.45367164654,4165.45367164654,19881.5894155933,FALSE
31.6473684210526,0.1,31.6473684210526,0.1,31.6473684210526,0,31.6473684210526,0,0,0,19.8815894155933,3305.50526300525,3305.50526300525,19.8815894155933,TRUE
31.6473684210526,5.35789473684211,31.6473684210526,5.35789473684211,31.6473684210526,0,31.6473684210526,0,0,0,1065.23463289863,3393.45770161225,3393.45770161225,1065.23463289863,TRUE
31.6473684210526,10.6157894736842,31.6473684210526,10.6157894736842,31.6473684210526,0,31.6473684210526,0,0,0,2110.58767638167,3472.68544590924,3472.68544590924,2110.58767638167,TRUE
31.6473684210526,15.8736842105263,31.6473684210526,15.8736842105263,31.6473684210526,0,31.6473684210526,0,0,0,3155.94071986471,3548.26894415409,3548.26894415409,3155.94071986471,TRUE
31.6473684210526,21.1315789473684,31.6473684210526,21.1315789473684,31.6473684210526,0,31.6473684210526,0,0,0,4201.29376334774,3620.54313502735,3620.54313502735,4201.29376334774,FALSE
31.6473684210526,26.3894736842105,31.6473684210526,26.3894736842105,31.6473684210526,0,31.6473684210526,0,0,0,5246.64680683078,3689.508018529,3689.508018529,5246.64680683078,FALSE
31.6473684210526,31.6473684210526,31.6473684210526,31.6473684210526,31.6473684210526,0,31.6473684210526,0,0,0,6291.99985031382,3755.16359465905,3755.16359465905,6291.99985031382,FALSE
31.6473684210526,36.9052631578947,31.6473684210526,36.9052631578947,31.6473684210526,0,31.6473684210526,0,0,0,7337.35289379686,3817.5098634175,3817.5098634175,7337.35289379686,FALSE
31.6473684210526,42.1631578947368,31.6473684210526,42.1631578947368,31.6473684210526,0,31.6473684210526,0,0,0,8382.70593727989,3876.54682480435,3876.54682480435,8382.70593727989,FALSE
31.6473684210526,47.421052631579,31.6473684210526,45.6140350877193,31.6473684210526,0,31.6473684210526,0,359.263808737916,0,9428.05898076293,3932.22367252745,3932.22367252745,9428.05898076293,FALSE
31.6473684210526,52.6789473684211,31.6473684210526,45.6140350877193,31.6473684210526,0,30.6900895310115,0,1404.61685222095,0,10473.412024246,3982.26360598609,3982.26360598609,10473.412024246,FALSE
31.6473684210526,57.9368421052632,31.6473684210526,45.6140350877193,31.6473684210526,0,26.7847893538744,0,2449.96989570399,0,11518.765067729,4021.52735652168,4021.52735652168,11518.765067729,FALSE
31.6473684210526,63.1947368421053,31.6473684210526,45.6140350877193,31.6473684210526,0,23.0430298424359,0,3495.32293918703,0,12564.118111212,4056.1992701972,4056.1992701972,12564.118111212,FALSE
31.6473684210526,68.4526315789474,31.6473684210526,45.6140350877193,31.6473684210526,0,19.8902104825531,0,4540.67598267007,0,13609.4711546951,4087.99674381224,4087.99674381224,13609.4711546951,FALSE
31.6473684210526,73.7105263157895,31.6473684210526,45.6140350877193,31.6473684210526,0,17.1398531215761,0,5586.0290261531,0,14654.8241981781,4116.871272054,4116.871272054,14654.8241981781,FALSE
31.6473684210526,78.9684210526316,31.6473684210526,45.6140350877193,31.6473684210526,0,14.667016127635,0,6631.38206963614,0,15700.1772416612,4142.70417181642,4142.70417181642,15700.1772416612,FALSE
31.6473684210526,84.2263157894737,31.6473684210526,45.6140350877193,31.6473684210526,0,12.3962486191999,0,7676.73511311918,0,16745.5302851442,4165.40952040693,4165.40952040693,16745.5302851442,FALSE
31.6473684210526,89.4842105263158,31.6473684210526,45.6140350877193,31.6473684210526,0,10.084504108262,0,8722.08815660221,0,17790.8833286272,4184.02078876259,4184.02078876259,17790.8833286272,FALSE
31.6473684210526,94.7421052631579,31.6473684210526,45.6140350877193,31.6473684210526,0,8.64254941446051,0,9767.44120008525,0,18836.2363721103,4202.95859881228,4202.95859881228,18836.2363721103,FALSE
31.6473684210526,100,31.6473684210526,45.6140350877193,31.6473684210526,0,7.13469467659206,0,10812.7942435683,0,19881.5894155933,4218.02923162054,4218.02923162054,19881.5894155933,FALSE
36.9052631578947,0.1,36.9052631578947,0.1,35.8674463937622,0,36.9052631578947,0,0,206.334467931031,19.8815894155933,3372.61652577089,3166.28205783986,19.8815894155933,TRUE
36.9052631578947,5.35789473684211,36.9052631578947,5.35789473684211,35.8674463937622,0,36.9052631578947,0,0,206.334467931031,1065.23463289863,3456.13890905123,3249.80444112019,1065.23463289863,TRUE
36.9052631578947,10.6157894736842,36.9052631578947,10.6157894736842,35.8674463937622,0,36.9052631578947,0,0,206.334467931031,2110.58767638167,3535.03171466769,3328.69724673665,2110.58767638167,TRUE
36.9052631578947,15.8736842105263,36.9052631578947,15.8736842105263,35.8674463937622,0,36.9052631578947,0,0,206.334467931031,3155.94071986471,3610.61521291254,3404.28074498151,3155.94071986471,TRUE
36.9052631578947,21.1315789473684,36.9052631578947,21.1315789473684,35.8674463937622,0,36.9052631578947,0,0,206.334467931031,4201.29376334774,3682.8894037858,3476.55493585477,4201.29376334774,FALSE
36.9052631578947,26.3894736842105,36.9052631578947,26.3894736842105,35.8674463937622,0,36.9052631578947,0,0,206.334467931031,5246.64680683078,3751.85428728745,3545.51981935642,5246.64680683078,FALSE
36.9052631578947,31.6473684210526,36.9052631578947,31.6473684210526,35.8674463937622,0,36.9052631578947,0,0,206.334467931031,6291.99985031382,3817.5098634175,3611.17539548647,6291.99985031382,FALSE
36.9052631578947,36.9052631578947,36.9052631578947,36.9052631578947,35.8674463937622,0,36.9052631578947,0,0,206.334467931031,7337.35289379686,3879.85613217595,3673.52166424492,7337.35289379686,FALSE
36.9052631578947,42.1631578947368,36.9052631578947,42.1631578947368,35.8674463937622,0,36.9052631578947,0,0,206.334467931031,8382.70593727989,3938.80261529388,3732.46814736285,8382.70593727989,FALSE
36.9052631578947,47.421052631579,36.9052631578947,45.6140350877193,35.8674463937622,0,35.0672175354309,0,359.263808737916,206.334467931031,9428.05898076293,3991.28640226813,3784.95193433709,9428.05898076293,FALSE
36.9052631578947,52.6789473684211,36.9052631578947,45.6140350877193,35.8674463937622,0,30.6339335376136,0,1404.61685222095,206.334467931031,10473.412024246,4034.71807618354,3828.3836082525,10473.412024246,FALSE
36.9052631578947,57.9368421052632,36.9052631578947,45.6140350877193,35.8674463937622,0,26.7564263164474,0,2449.96989570399,206.334467931031,11518.765067729,4074.03030055227,3867.69583262123,11518.765067729,FALSE
36.9052631578947,63.1947368421053,36.9052631578947,45.6140350877193,35.8674463937622,0,23.1962247927664,0,3495.32293918703,206.334467931031,12564.118111212,4109.25527943078,3902.92081149975,12564.118111212,FALSE
36.9052631578947,68.4526315789474,36.9052631578947,45.6140350877193,35.8674463937622,0,20.0744994434188,0,4540.67598267007,206.334467931031,13609.4711546951,4141.21837691644,3934.88390898541,13609.4711546951,FALSE
36.9052631578947,73.7105263157895,36.9052631578947,45.6140350877193,35.8674463937622,0,17.2203006404904,0,5586.0290261531,206.334467931031,14654.8241981781,4169.75759470001,3963.42312676897,14654.8241981781,FALSE
36.9052631578947,78.9684210526316,36.9052631578947,45.6140350877193,35.8674463937622,0,14.6668814633238,0,6631.38206963614,206.334467931031,15700.1772416612,4195.28256438823,3988.9480964572,15700.1772416612,FALSE
36.9052631578947,84.2263157894737,36.9052631578947,45.6140350877193,35.8674463937622,0,12.3967875284092,0,7676.73511311918,206.334467931031,16745.5302851442,4217.99083358807,4011.65636565703,16745.5302851442,FALSE
36.9052631578947,89.4842105263158,36.9052631578947,45.6140350877193,35.8674463937622,0,10.3922779093162,0,8722.08815660221,206.334467931031,17790.8833286272,4238.02989731087,4031.69542937984,17790.8833286272,FALSE
36.9052631578947,94.7421052631579,36.9052631578947,45.6140350877193,35.8674463937622,0,8.45263157892805,0,9767.44120008525,206.334467931031,18836.2363721103,4254.61682874847,4048.28236081744,18836.2363721103,FALSE
36.9052631578947,100,36.9052631578947,45.6140350877193,35.8674463937622,0,6.8245606320672,0,10812.7942435683,206.334467931031,19881.5894155933,4269.04679484109,4062.71232691006,19881.5894155933,FALSE
42.1631578947368,0.1,42.1631578947368,0.1,35.8674463937622,0,42.1631578947368,0,0,1251.68751141407,19.8815894155933,3432.88723961158,2181.19972819751,19.8815894155933,TRUE
42.1631578947368,5.35789473684211,42.1631578947368,5.35789473684211,35.8674463937622,0,42.1631578947368,0,0,1251.68751141407,1065.23463289863,3515.17587043807,2263.48835902401,1065.23463289863,TRUE
42.1631578947368,10.6157894736842,42.1631578947368,10.6157894736842,35.8674463937622,0,42.1631578947368,0,0,1251.68751141407,2110.58767638167,3594.06867605453,2342.38116464046,2110.58767638167,TRUE
42.1631578947368,15.8736842105263,42.1631578947368,15.8736842105263,35.8674463937622,0,42.1631578947368,0,0,1251.68751141407,3155.94071986471,3669.65217429939,2417.96466288532,3155.94071986471,FALSE
42.1631578947368,21.1315789473684,42.1631578947368,21.1315789473684,35.8674463937622,0,42.1631578947368,0,0,1251.68751141407,4201.29376334774,3741.92636517264,2490.23885375858,4201.29376334774,FALSE
42.1631578947368,26.3894736842105,42.1631578947368,26.3894736842105,35.8674463937622,0,42.1631578947368,0,0,1251.68751141407,5246.64680683078,3810.8912486743,2559.20373726023,5246.64680683078,FALSE
42.1631578947368,31.6473684210526,42.1631578947368,31.6473684210526,35.8674463937622,0,42.1631578947368,0,0,1251.68751141407,6291.99985031382,3876.54682480435,2624.85931339028,6291.99985031382,FALSE
42.1631578947368,36.9052631578947,42.1631578947368,36.9052631578947,35.8674463937622,0,42.1631578947368,0,0,1251.68751141407,7337.35289379686,3938.80261529388,2687.11510387981,7337.35289379686,FALSE
42.1631578947368,42.1631578947368,42.1631578947368,42.1631578947368,35.8674463937622,0,39.9217196989705,0,0,1251.68751141407,8382.70593727989,3995.2857643199,2743.59825290583,8382.70593727989,FALSE
42.1631578947368,47.421052631579,42.1631578947368,45.6140350877193,35.8674463937622,0,35.0671672560426,0,359.263808737916,1251.68751141407,9428.05898076293,4043.86526454022,2792.17775312616,9428.05898076293,FALSE
42.1631578947368,52.6789473684211,42.1631578947368,45.6140350877193,35.8674463937622,0,30.7078235673425,0,1404.61685222095,1251.68751141407,10473.412024246,4087.46073259613,2835.77322118206,10473.412024246,FALSE
42.1631578947368,57.9368421052632,42.1631578947368,45.6140350877193,35.8674463937622,0,26.691758293916,0,2449.96989570399,1251.68751141407,11518.765067729,4126.43560159079,2874.74809017672,11518.765067729,FALSE
42.1631578947368,63.1947368421053,42.1631578947368,45.6140350877193,35.8674463937622,0,23.25313766121,0,3495.32293918703,1251.68751141407,12564.118111212,4162.01074680473,2910.32323539067,12564.118111212,FALSE
42.1631578947368,68.4526315789474,42.1631578947368,45.6140350877193,35.8674463937622,0,19.7861578850841,0,4540.67598267007,1251.68751141407,13609.4711546951,4192.78998256904,2941.10247115498,13609.4711546951,FALSE
42.1631578947368,73.7105263157895,42.1631578947368,45.6140350877193,35.8674463937622,0,17.0557073062561,0,5586.0290261531,1251.68751141407,14654.8241981781,4221.70683701729,2970.01932560322,14654.8241981781,FALSE
42.1631578947368,78.9684210526316,42.1631578947368,45.6140350877193,35.8674463937622,0,14.6585514166162,0,6631.38206963614,1251.68751141407,15700.1772416612,4247.82718902802,2996.13967761395,15700.1772416612,FALSE
42.1631578947368,84.2263157894737,42.1631578947368,45.6140350877193,35.8674463937622,0,12.39719618018,0,7676.73511311918,1251.68751141407,16745.5302851442,4270.5715749157,3018.88406350163,16745.5302851442,FALSE
42.1631578947368,89.4842105263158,42.1631578947368,45.6140350877193,35.8674463937622,0,10.3927070779319,0,8722.08815660221,1251.68751141407,17790.8833286272,4290.61083106774,3038.92331965368,17790.8833286272,FALSE
42.1631578947368,94.7421052631579,42.1631578947368,45.6140350877193,35.8674463937622,0,8.64178467568714,0,9767.44120008525,1251.68751141407,18836.2363721103,4308.11279471855,3056.42528330448,18836.2363721103,FALSE
42.1631578947368,100,42.1631578947368,45.6140350877193,35.8674463937622,0,6.67710092017334,0,10812.7942435683,1251.68751141407,19881.5894155933,4320.87933504262,3069.19182362856,19881.5894155933,FALSE
47.421052631579,0.1,45.6140350877193,0.1,35.8674463937622,0,47.421052631579,359.263808737916,0,2297.04055489711,19.8815894155933,3488.70141146526,1191.66085656815,19.8815894155933,TRUE
47.421052631579,5.35789473684211,45.6140350877193,5.35789473684211,35.8674463937622,0,47.421052631579,359.263808737916,0,2297.04055489711,1065.23463289863,3570.90352445332,1273.86296955621,1065.23463289863,TRUE
47.421052631579,10.6157894736842,45.6140350877193,10.6157894736842,35.8674463937622,0,47.421052631579,359.263808737916,0,2297.04055489711,2110.58767638167,3649.79633006978,1352.75577517267,2110.58767638167,FALSE
47.421052631579,15.8736842105263,45.6140350877193,15.8736842105263,35.8674463937622,0,47.421052631579,359.263808737916,0,2297.04055489711,3155.94071986471,3725.37982831463,1428.33927341753,3155.94071986471,FALSE
47.421052631579,21.1315789473684,45.6140350877193,21.1315789473684,35.8674463937622,0,47.421052631579,359.263808737916,0,2297.04055489711,4201.29376334774,3797.65401918789,1500.61346429078,4201.29376334774,FALSE
47.421052631579,26.3894736842105,45.6140350877193,26.3894736842105,35.8674463937622,0,47.421052631579,359.263808737916,0,2297.04055489711,5246.64680683078,3866.61890268954,1569.57834779244,5246.64680683078,FALSE
47.421052631579,31.6473684210526,45.6140350877193,31.6473684210526,35.8674463937622,0,47.421052631579,359.263808737916,0,2297.04055489711,6291.99985031382,3932.22367252745,1635.18311763034,6291.99985031382,FALSE
47.421052631579,36.9052631578947,45.6140350877193,36.9052631578947,35.8674463937622,0,45.3520097949978,359.263808737916,0,2297.04055489711,7337.35289379686,3993.48116331174,1696.44060841463,7337.35289379686,FALSE
47.421052631579,42.1631578947368,45.6140350877193,42.1631578947368,35.8674463937622,0,39.9134073428455,359.263808737916,0,2297.04055489711,8382.70593727989,4047.8554406311,1750.81488573399,8382.70593727989,FALSE
47.421052631579,47.421052631579,45.6140350877193,45.6140350877193,35.8674463937622,0,35.0676234848658,359.263808737916,359.263808737916,2297.04055489711,9428.05898076293,4096.44498405091,1799.40442915381,9428.05898076293,FALSE
47.421052631579,52.6789473684211,45.6140350877193,45.6140350877193,35.8674463937622,0,30.708242696852,359.263808737916,1404.61685222095,2297.04055489711,10473.412024246,4140.04060672527,1843.00005182816,10473.412024246,FALSE
47.421052631579,57.9368421052632,45.6140350877193,45.6140350877193,35.8674463937622,0,26.7847462889858,359.263808737916,2449.96989570399,2297.04055489711,11518.765067729,4179.26408330018,1882.22352840308,11518.765067729,FALSE
47.421052631579,63.1947368421053,45.6140350877193,45.6140350877193,35.8674463937622,0,23.2523388704384,359.263808737916,3495.32293918703,2297.04055489711,12564.118111212,4214.58721932371,1917.54666442661,12564.118111212,FALSE
47.421052631579,68.4526315789474,45.6140350877193,45.6140350877193,35.8674463937622,0,19.9062599525695,359.263808737916,4540.67598267007,2297.04055489711,13609.4711546951,4245.7897171696,1948.74916227249,13609.4711546951,FALSE
47.421052631579,73.7105263157895,45.6140350877193,45.6140350877193,35.8674463937622,0,17.220041558887,359.263808737916,5586.0290261531,2297.04055489711,14654.8241981781,4274.91450076937,1977.87394587226,14654.8241981781,FALSE
47.421052631579,78.9684210526316,45.6140350877193,45.6140350877193,35.8674463937622,0,14.6672140581214,359.263808737916,6631.38206963614,2297.04055489711,15700.1772416612,4300.44182936146,2003.40127446436,15700.1772416612,FALSE
47.421052631579,84.2263157894737,45.6140350877193,45.6140350877193,35.8674463937622,0,12.3965406048823,359.263808737916,7676.73511311918,2297.04055489711,16745.5302851442,4323.14764433433,2026.10708943722,16745.5302851442,FALSE
47.421052631579,89.4842105263158,45.6140350877193,45.6140350877193,35.8674463937622,0,10.3927731827642,359.263808737916,8722.08815660221,2297.04055489711,17790.8833286272,4343.19008439759,2046.14952950048,17790.8833286272,FALSE
47.421052631579,94.7421052631579,45.6140350877193,45.6140350877193,35.8674463937622,0,8.64248728755788,359.263808737916,9767.44120008525,2297.04055489711,18836.2363721103,4360.69514042944,2063.65458553233,18836.2363721103,FALSE
47.421052631579,100,45.6140350877193,45.6140350877193,35.8674463937622,0,7.13468725185008,359.263808737916,10812.7942435683,2297.04055489711,19881.5894155933,4375.76603648258,2078.72548158548,19881.5894155933,FALSE
52.6789473684211,0.1,45.6140350877193,0.1,35.8674463937622,0,49.7948343076263,1404.61685222095,0,3342.39359838014,19.8815894155933,3541.61761887025,199.224020490109,19.8815894155933,TRUE
52.6789473684211,5.35789473684211,45.6140350877193,5.35789473684211,35.8674463937622,0,49.7948343063065,1404.61685222095,0,3342.39359838014,1065.23463289863,3623.81973185831,281.426133478168,1065.23463289863,FALSE
52.6789473684211,10.6157894736842,45.6140350877193,10.6157894736842,35.8674463937622,0,49.7948343053837,1404.61685222095,0,3342.39359838014,2110.58767638167,3702.71253747477,360.318939094628,2110.58767638167,FALSE
52.6789473684211,15.8736842105263,45.6140350877193,15.8736842105263,35.8674463937622,0,49.7948343062166,1404.61685222095,0,3342.39359838014,3155.94071986471,3778.29603571963,435.902437339484,3155.94071986471,FALSE
52.6789473684211,21.1315789473684,45.6140350877193,21.1315789473684,35.8674463937622,0,49.7948343098986,1404.61685222095,0,3342.39359838014,4201.29376334774,3850.57022659288,508.176628212739,4201.29376334774,FALSE
52.6789473684211,26.3894736842105,45.6140350877193,26.3894736842105,35.8674463937622,0,49.7948343068887,1404.61685222095,0,3342.39359838014,5246.64680683078,3919.53511009453,577.141511714391,5246.64680683078,FALSE
52.6789473684211,31.6473684210526,45.6140350877193,31.6473684210526,35.8674463937622,0,49.2910850710031,1404.61685222095,0,3342.39359838014,6291.99985031382,3985.0106712867,642.617072906558,6291.99985031382,FALSE
52.6789473684211,36.9052631578947,45.6140350877193,36.9052631578947,35.8674463937622,0,45.3514262485691,1404.61685222095,0,3342.39359838014,7337.35289379686,4046.05983715064,703.666238770495,7337.35289379686,FALSE
52.6789473684211,42.1631578947368,45.6140350877193,42.1631578947368,35.8674463937622,0,39.9249001211998,1404.61685222095,0,3342.39359838014,8382.70593727989,4100.44720411663,758.05360573649,8382.70593727989,FALSE
52.6789473684211,47.421052631579,45.6140350877193,45.6140350877193,35.8674463937622,0,35.0038910369972,1404.61685222095,359.263808737916,3342.39359838014,9428.05898076293,4148.91582782199,806.522229441851,9428.05898076293,FALSE
52.6789473684211,52.6789473684211,45.6140350877193,45.6140350877193,35.8674463937622,0,30.70750984432,1404.61685222095,1404.61685222095,3342.39359838014,10473.412024246,4192.61793362875,850.224335248612,10473.412024246,FALSE
52.6789473684211,57.9368421052632,45.6140350877193,45.6140350877193,35.8674463937622,0,26.7848294641907,1404.61685222095,2449.96989570399,3342.39359838014,11518.765067729,4231.84325340966,889.449655029515,11518.765067729,FALSE
52.6789473684211,63.1947368421053,45.6140350877193,45.6140350877193,35.8674463937622,0,23.2524238387763,1404.61685222095,3495.32293918703,3342.39359838014,12564.118111212,4267.16642994846,924.772831568319,12564.118111212,FALSE
52.6789473684211,68.4526315789474,45.6140350877193,45.6140350877193,35.8674463937622,0,20.074531603046,1404.61685222095,4540.67598267007,3342.39359838014,13609.4711546951,4298.9553308219,956.561732441757,13609.4711546951,FALSE
52.6789473684211,73.7105263157895,45.6140350877193,45.6140350877193,35.8674463937622,0,17.2200468017248,1404.61685222095,5586.0290261531,3342.39359838014,14654.8241981781,4327.49346814478,985.099869764636,14654.8241981781,FALSE
52.6789473684211,78.9684210526316,45.6140350877193,45.6140350877193,35.8674463937622,0,14.6672338345209,1404.61685222095,6631.38206963614,3342.39359838014,15700.1772416612,4353.02085820501,1010.62725982487,15700.1772416612,FALSE
52.6789473684211,84.2263157894737,45.6140350877193,45.6140350877193,35.8674463937622,0,12.3964461573574,1404.61685222095,7676.73511311918,3342.39359838014,16745.5302851442,4375.72617707761,1033.33257869747,16745.5302851442,FALSE
52.6789473684211,89.4842105263158,45.6140350877193,45.6140350877193,35.8674463937622,0,10.3931337468751,1404.61685222095,8722.08815660221,3342.39359838014,17790.8833286272,4395.77070060169,1053.37710222154,17790.8833286272,FALSE
52.6789473684211,94.7421052631579,45.6140350877193,45.6140350877193,35.8674463937622,0,8.64254608134881,1404.61685222095,9767.44120008525,3342.39359838014,18836.2363721103,4413.27437216477,1070.88077378463,18836.2363721103,FALSE
52.6789473684211,100,45.6140350877193,45.6140350877193,35.8674463937622,0,7.13444555373973,1404.61685222095,10812.7942435683,3342.39359838014,19881.5894155933,4428.34377146663,1085.95017308648,19881.5894155933,FALSE
57.9368421052632,0.1,45.6140350877193,0.1,35.8674463937622,0,49.7948343091795,2449.96989570399,0,4387.74664186318,19.8815894155933,3594.19656623867,-793.55007562451,19.8815894155933,FALSE
57.9368421052632,5.35789473684211,45.6140350877193,5.35789473684211,35.8674463937622,0,49.7948343117898,2449.96989570399,0,4387.74664186318,1065.23463289863,3676.39867922673,-711.347962636448,1065.23463289863,FALSE
57.9368421052632,10.6157894736842,45.6140350877193,10.6157894736842,35.8674463937622,0,49.7948343105619,2449.96989570399,0,4387.74664186318,2110.58767638167,3755.29148484319,-632.45515701999,2110.58767638167,FALSE
57.9368421052632,15.8736842105263,45.6140350877193,15.8736842105263,35.8674463937622,0,49.7948343083344,2449.96989570399,0,4387.74664186318,3155.94071986471,3830.87498308805,-556.871658775133,3155.94071986471,FALSE
57.9368421052632,21.1315789473684,45.6140350877193,21.1315789473684,35.8674463937622,0,49.7948343085682,2449.96989570399,0,4387.74664186318,4201.29376334774,3903.1491739613,-484.597467901878,4201.29376334774,FALSE
57.9368421052632,26.3894736842105,45.6140350877193,26.3894736842105,35.8674463937622,0,49.7948343115781,2449.96989570399,0,4387.74664186318,5246.64680683078,3972.11405746295,-415.632584400226,5246.64680683078,FALSE
57.9368421052632,31.6473684210526,45.6140350877193,31.6473684210526,35.8674463937622,0,49.2910850723879,2449.96989570399,0,4387.74664186318,6291.99985031382,4037.58961865512,-350.15702320806,6291.99985031382,FALSE
57.9368421052632,36.9052631578947,45.6140350877193,36.9052631578947,35.8674463937622,0,45.3566156107884,2449.96989570399,0,4387.74664186318,7337.35289379686,4098.64121554064,-289.105426322542,7337.35289379686,FALSE
57.9368421052632,42.1631578947368,45.6140350877193,42.1631578947368,35.8674463937622,0,39.9250427695349,2449.96989570399,0,4387.74664186318,8382.70593727989,4153.02631045992,-234.720331403261,8382.70593727989,FALSE
57.9368421052632,47.421052631579,45.6140350877193,45.6140350877193,35.8674463937622,0,35.0672153378525,2449.96989570399,359.263808737916,4387.74664186318,9428.05898076293,4201.60218802248,-186.144453840699,9428.05898076293,FALSE
57.9368421052632,52.6789473684211,45.6140350877193,45.6140350877193,35.8674463937622,0,30.7077627340525,2449.96989570399,1404.61685222095,4387.74664186318,10473.412024246,4245.19744018776,-142.549201675422,10473.412024246,FALSE
57.9368421052632,57.9368421052632,45.6140350877193,45.6140350877193,35.8674463937622,0,26.7852698701302,2449.96989570399,2449.96989570399,4387.74664186318,11518.765067729,4284.4233801601,-103.323261703081,11518.765067729,FALSE
57.9368421052632,63.1947368421053,45.6140350877193,45.6140350877193,35.8674463937622,0,23.2493540514438,2449.96989570399,3495.32293918703,4387.74664186318,12564.118111212,4319.7358656884,-68.0107761747777,12564.118111212,FALSE
57.9368421052632,68.4526315789474,45.6140350877193,45.6140350877193,35.8674463937622,0,20.0740915358411,2449.96989570399,4540.67598267007,4387.74664186318,13609.4711546951,4351.5327483236,-36.2138935395787,13609.4711546951,FALSE
57.9368421052632,73.7105263157895,45.6140350877193,45.6140350877193,35.8674463937622,0,17.2203145143994,2449.96989570399,5586.0290261531,4387.74664186318,14654.8241981781,4380.07343711695,-7.67320474623193,14654.8241981781,FALSE
57.9368421052632,78.9684210526316,45.6140350877193,45.6140350877193,35.8674463937622,0,14.6678375498917,2449.96989570399,6631.38206963614,4387.74664186318,15700.1772416612,4405.60229274737,17.8556508841921,15700.1772416612,FALSE
57.9368421052632,84.2263157894737,45.6140350877193,45.6140350877193,35.8674463937622,0,12.3972012808386,2449.96989570399,7676.73511311918,4387.74664186318,16745.5302851442,4428.30843941245,40.5617975492678,16745.5302851442,FALSE
57.9368421052632,89.4842105263158,45.6140350877193,45.6140350877193,35.8674463937622,0,10.3922057059135,2449.96989570399,8722.08815660221,4387.74664186318,17790.8833286272,4448.34535259206,60.5987107288829,17790.8833286272,FALSE
57.9368421052632,94.7421052631579,45.6140350877193,45.6140350877193,35.8674463937622,0,8.6423558173523,2449.96989570399,9767.44120008525,4387.74664186318,18836.2363721103,4465.85239928513,78.1057574219512,18836.2363721103,FALSE
57.9368421052632,100,45.6140350877193,45.6140350877193,35.8674463937622,0,7.13461813135554,2449.96989570399,10812.7942435683,4387.74664186318,19881.5894155933,4480.92358450411,93.1769426409301,19881.5894155933,FALSE
63.1947368421053,0.1,45.6140350877193,0.1,35.8674463937622,0,49.7948343077597,3495.32293918703,0,5433.09968534622,19.8815894155933,3646.77551360709,-1786.32417173913,19.8815894155933,FALSE
63.1947368421053,5.35789473684211,45.6140350877193,5.35789473684211,35.8674463937622,0,49.7948343107022,3495.32293918703,0,5433.09968534622,1065.23463289863,3728.97762659515,-1704.12205875106,1065.23463289863,FALSE
63.1947368421053,10.6157894736842,45.6140350877193,10.6157894736842,35.8674463937622,0,49.7948343085526,3495.32293918703,0,5433.09968534622,2110.58767638167,3807.87043221161,-1625.22925313461,2110.58767638167,FALSE
63.1947368421053,15.8736842105263,45.6140350877193,15.8736842105263,35.8674463937622,0,49.7948343098969,3495.32293918703,0,5433.09968534622,3155.94071986471,3883.45393045647,-1549.64575488975,3155.94071986471,FALSE
63.1947368421053,21.1315789473684,45.6140350877193,21.1315789473684,35.8674463937622,0,49.7948343086695,3495.32293918703,0,5433.09968534622,4201.29376334774,3955.72812132972,-1477.37156401649,4201.29376334774,FALSE
63.1947368421053,26.3894736842105,45.6140350877193,26.3894736842105,35.8674463937622,0,49.7948343003997,3495.32293918703,0,5433.09968534622,5246.64680683078,4024.69300483138,-1408.40668051484,5246.64680683078,FALSE
63.1947368421053,31.6473684210526,45.6140350877193,31.6473684210526,35.8674463937622,0,49.2910850730196,3495.32293918703,0,5433.09968534622,6291.99985031382,4090.16856602354,-1342.93111932268,6291.99985031382,FALSE
63.1947368421053,36.9052631578947,45.6140350877193,36.9052631578947,35.8674463937622,0,45.3585973358864,3495.32293918703,0,5433.09968534622,7337.35289379686,4151.22109042747,-1281.87859491875,7337.35289379686,FALSE
63.1947368421053,42.1631578947368,45.6140350877193,42.1631578947368,35.8674463937622,0,39.9014337174978,3495.32293918703,0,5433.09968534622,8382.70593727989,4205.57891368854,-1227.52077165768,8382.70593727989,FALSE
63.1947368421053,47.421052631579,45.6140350877193,45.6140350877193,35.8674463937622,0,35.0273694517618,3495.32293918703,359.263808737916,5433.09968534622,9428.05898076293,4254.11360310182,-1178.9860822444,9428.05898076293,FALSE
63.1947368421053,52.6789473684211,45.6140350877193,45.6140350877193,35.8674463937622,0,30.7076421258807,3495.32293918703,1404.61685222095,5433.09968534622,10473.412024246,4297.77612086795,-1135.32356447826,10473.412024246,FALSE
63.1947368421053,57.9368421052632,45.6140350877193,45.6140350877193,35.8674463937622,0,26.7847031555688,3495.32293918703,2449.96989570399,5433.09968534622,11518.765067729,4337.00080989495,-1096.09887545127,11518.765067729,FALSE
63.1947368421053,63.1947368421053,45.6140350877193,45.6140350877193,35.8674463937622,0,23.2525845898562,3495.32293918703,3495.32293918703,5433.09968534622,12564.118111212,4372.324822736,-1060.77486261022,12564.118111212,FALSE
63.1947368421053,68.4526315789474,45.6140350877193,45.6140350877193,35.8674463937622,0,20.0743077429752,3495.32293918703,4540.67598267007,5433.09968534622,13609.4711546951,4404.11244732578,-1028.98723802044,13609.4711546951,FALSE
63.1947368421053,73.7105263157895,45.6140350877193,45.6140350877193,35.8674463937622,0,17.2205249458196,3495.32293918703,5586.0290261531,5433.09968534622,14654.8241981781,4432.65318749526,-1000.44649785096,14654.8241981781,FALSE
63.1947368421053,78.9684210526316,45.6140350877193,45.6140350877193,35.8674463937622,0,14.6675313696505,3495.32293918703,6631.38206963614,5433.09968534622,15700.1772416612,4458.17997872627,-974.919706619949,15700.1772416612,FALSE
63.1947368421053,84.2263157894737,45.6140350877193,45.6140350877193,35.8674463937622,0,12.3866318137145,3495.32293918703,7676.73511311918,5433.09968534622,16745.5302851442,4480.84098100798,-952.258704338241,16745.5302851442,FALSE
63.1947368421053,89.4842105263158,45.6140350877193,45.6140350877193,35.8674463937622,0,10.392612617188,3495.32293918703,8722.08815660221,5433.09968534622,17790.8833286272,4500.92618333583,-932.173502010392,17790.8833286272,FALSE
63.1947368421053,94.7421052631579,45.6140350877193,45.6140350877193,35.8674463937622,0,8.64194269557054,3495.32293918703,9767.44120008525,5433.09968534622,18836.2363721103,4518.42934849654,-914.67033684968,18836.2363721103,FALSE
63.1947368421053,100,45.6140350877193,45.6140350877193,35.8674463937622,0,7.13500002325465,3495.32293918703,10812.7942435683,5433.09968534622,19881.5894155933,4533.50444747339,-899.595237872827,19881.5894155933,FALSE
68.4526315789474,0.1,45.6140350877193,0.1,35.8674463937622,0,49.7948343066231,4540.67598267007,0,6478.45272882926,19.8815894155933,3699.35446097551,-2779.09826785374,19.8815894155933,FALSE
68.4526315789474,5.35789473684211,45.6140350877193,5.35789473684211,35.8674463937622,0,49.7948343088797,4540.67598267007,0,6478.45272882926,1065.23463289863,3781.55657396357,-2696.89615486568,1065.23463289863,FALSE
68.4526315789474,10.6157894736842,45.6140350877193,10.6157894736842,35.8674463937622,0,49.7948343064332,4540.67598267007,0,6478.45272882926,2110.58767638167,3860.44937958003,-2618.00334924922,2110.58767638167,FALSE
68.4526315789474,15.8736842105263,45.6140350877193,15.8736842105263,35.8674463937622,0,49.7948343088878,4540.67598267007,0,6478.45272882926,3155.94071986471,3936.03287782489,-2542.41985100437,3155.94071986471,FALSE
68.4526315789474,21.1315789473684,45.6140350877193,21.1315789473684,35.8674463937622,0,49.7948342892213,4540.67598267007,0,6478.45272882926,4201.29376334774,4008.30706869815,-2470.14566013111,4201.29376334774,FALSE
68.4526315789474,26.3894736842105,45.6140350877193,26.3894736842105,35.8674463937622,0,49.7948343069884,4540.67598267007,0,6478.45272882926,5246.64680683078,4077.2719521998,-2401.18077662946,5246.64680683078,FALSE
68.4526315789474,31.6473684210526,45.6140350877193,31.6473684210526,35.8674463937622,0,49.2910850742918,4540.67598267007,0,6478.45272882926,6291.99985031382,4142.74751339196,-2335.70521543729,6291.99985031382,FALSE
68.4526315789474,36.9052631578947,45.6140350877193,36.9052631578947,35.8674463937622,0,45.3517925790559,4540.67598267007,0,6478.45272882926,7337.35289379686,4203.79685097311,-2274.65587785614,7337.35289379686,FALSE
68.4526315789474,42.1631578947368,45.6140350877193,42.1631578947368,35.8674463937622,0,39.9251237159995,4540.67598267007,0,6478.45272882926,8382.70593727989,4258.18429540672,-2220.26843342254,8382.70593727989,FALSE
68.4526315789474,47.421052631579,45.6140350877193,45.6140350877193,35.8674463937622,0,35.0673281241448,4540.67598267007,359.263808737916,6478.45272882926,9428.05898076293,4306.7602736456,-2171.69245518366,9428.05898076293,FALSE
68.4526315789474,52.6789473684211,45.6140350877193,45.6140350877193,35.8674463937622,0,30.6602151387034,4540.67598267007,1404.61685222095,6478.45272882926,10473.412024246,4350.25006374303,-2128.20266508623,10473.412024246,FALSE
68.4526315789474,57.9368421052632,45.6140350877193,45.6140350877193,35.8674463937622,0,26.6447155703034,4540.67598267007,2449.96989570399,6478.45272882926,11518.765067729,4389.20370683814,-2089.24902199111,11518.765067729,FALSE
68.4526315789474,63.1947368421053,45.6140350877193,45.6140350877193,35.8674463937622,0,23.2464958622619,4540.67598267007,3495.32293918703,6478.45272882926,12564.118111212,4424.8849034182,-2053.56782541106,12564.118111212,FALSE
68.4526315789474,68.4526315789474,45.6140350877193,45.6140350877193,35.8674463937622,0,20.0744788734805,4540.67598267007,4540.67598267007,6478.45272882926,13609.4711546951,4456.69198961727,-2021.76073921199,13609.4711546951,FALSE
68.4526315789474,73.7105263157895,45.6140350877193,45.6140350877193,35.8674463937622,0,17.2079678968958,4540.67598267007,5586.0290261531,6478.45272882926,14654.8241981781,4485.18420772696,-1993.26852110229,14654.8241981781,FALSE
68.4526315789474,78.9684210526316,45.6140350877193,45.6140350877193,35.8674463937622,0,14.6672620097009,4540.67598267007,6631.38206963614,6478.45272882926,15700.1772416612,4510.75781638676,-1967.6949124425,15700.1772416612,FALSE
68.4526315789474,84.2263157894737,45.6140350877193,45.6140350877193,35.8674463937622,0,12.3969775812243,4540.67598267007,7676.73511311918,6478.45272882926,16745.5302851442,4533.46535212266,-1944.9873767066,16745.5302851442,FALSE
68.4526315789474,89.4842105263158,45.6140350877193,45.6140350877193,35.8674463937622,0,10.3928878163448,4540.67598267007,8722.08815660221,6478.45272882926,17790.8833286272,4553.50640444325,-1924.946324386,17790.8833286272,FALSE
68.4526315789474,94.7421052631579,45.6140350877193,45.6140350877193,35.8674463937622,0,8.64246807499821,4540.67598267007,9767.44120008525,6478.45272882926,18836.2363721103,4571.01083697798,-1907.44189185127,18836.2363721103,FALSE
68.4526315789474,100,45.6140350877193,45.6140350877193,35.8674463937622,0,7.13535226605671,4540.67598267007,10812.7942435683,6478.45272882926,19881.5894155933,4586.085161705,-1892.36756712425,19881.5894155933,FALSE
73.7105263157895,0.1,45.6140350877193,0.1,35.8674463937622,0,49.7948343089895,5586.0290261531,0,7523.80577231229,19.8815894155933,3751.93340834393,-3771.87236396836,19.8815894155933,FALSE
73.7105263157895,5.35789473684211,45.6140350877193,5.35789473684211,35.8674463937622,0,49.7948343085509,5586.0290261531,0,7523.80577231229,1065.23463289863,3834.135521332,-3689.6702509803,1065.23463289863,FALSE
73.7105263157895,10.6157894736842,45.6140350877193,10.6157894736842,35.8674463937622,0,49.7948343085509,5586.0290261531,0,7523.80577231229,2110.58767638167,3913.02832694845,-3610.77744536384,2110.58767638167,FALSE
73.7105263157895,15.8736842105263,45.6140350877193,15.8736842105263,35.8674463937622,0,49.7948343085509,5586.0290261531,0,7523.80577231229,3155.94071986471,3988.61182519331,-3535.19394711898,3155.94071986471,FALSE
73.7105263157895,21.1315789473684,45.6140350877193,21.1315789473684,35.8674463937622,0,49.7948343091061,5586.0290261531,0,7523.80577231229,4201.29376334774,4060.88601606657,-3462.91975624573,4201.29376334774,FALSE
73.7105263157895,26.3894736842105,45.6140350877193,26.3894736842105,35.8674463937622,0,49.7948343073236,5586.0290261531,0,7523.80577231229,5246.64680683078,4129.85089956822,-3393.95487274407,5246.64680683078,FALSE
73.7105263157895,31.6473684210526,45.6140350877193,31.6473684210526,35.8674463937622,0,49.2910850739021,5586.0290261531,0,7523.80577231229,6291.99985031382,4195.32646076039,-3328.47931155191,6291.99985031382,FALSE
73.7105263157895,36.9052631578947,45.6140350877193,36.9052631578947,35.8674463937622,0,45.3470043334355,5586.0290261531,0,7523.80577231229,7337.35289379686,4256.37355259441,-3267.43221971788,7337.35289379686,FALSE
73.7105263157895,42.1631578947368,45.6140350877193,42.1631578947368,35.8674463937622,0,39.925207793728,5586.0290261531,0,7523.80577231229,8382.70593727989,4310.76333647387,-3213.04243583842,8382.70593727989,FALSE
73.7105263157895,47.421052631579,45.6140350877193,45.6140350877193,35.8674463937622,0,35.0672060366942,5586.0290261531,359.263808737916,7523.80577231229,9428.05898076293,4359.33901438584,-3164.46675792645,9428.05898076293,FALSE
73.7105263157895,52.6789473684211,45.6140350877193,45.6140350877193,35.8674463937622,0,30.5705666619839,5586.0290261531,1404.61685222095,7523.80577231229,10473.412024246,4402.62979612508,-3121.17597618721,10473.412024246,FALSE
73.7105263157895,57.9368421052632,45.6140350877193,45.6140350877193,35.8674463937622,0,26.780996527225,5586.0290261531,2449.96989570399,7523.80577231229,11518.765067729,4442.14877752198,-3081.65699479031,11518.765067729,FALSE
73.7105263157895,63.1947368421053,45.6140350877193,45.6140350877193,35.8674463937622,0,23.2523488770837,5586.0290261531,3495.32293918703,7523.80577231229,12564.118111212,4477.48198716932,-3046.32378514297,12564.118111212,FALSE
73.7105263157895,68.4526315789474,45.6140350877193,45.6140350877193,35.8674463937622,0,20.0738964240379,5586.0290261531,4540.67598267007,7523.80577231229,13609.4711546951,4509.26891212724,-3014.53686018505,13609.4711546951,FALSE
73.7105263157895,73.7105263157895,45.6140350877193,45.6140350877193,35.8674463937622,0,17.2198848410011,5586.0290261531,5586.0290261531,7523.80577231229,14654.8241981781,4537.80863956483,-2985.99713274746,14654.8241981781,FALSE
73.7105263157895,78.9684210526316,45.6140350877193,45.6140350877193,35.8674463937622,0,14.6677048107018,5586.0290261531,6631.38206963614,7523.80577231229,15700.1772416612,4563.33858800022,-2960.46718431207,15700.1772416612,FALSE
73.7105263157895,84.2263157894737,45.6140350877193,45.6140350877193,35.8674463937622,0,12.3814310034856,5586.0290261531,7676.73511311918,7523.80577231229,16745.5302851442,4585.97603644837,-2937.82973586392,16745.5302851442,FALSE
73.7105263157895,89.4842105263158,45.6140350877193,45.6140350877193,35.8674463937622,0,10.393009831258,5586.0290261531,8722.08815660221,7523.80577231229,17790.8833286272,4606.08591654582,-2917.71985576648,17790.8833286272,FALSE
73.7105263157895,94.7421052631579,45.6140350877193,45.6140350877193,35.8674463937622,0,8.6290152607429,5586.0290261531,9767.44120008525,7523.80577231229,18836.2363721103,4623.52470650822,-2900.28106580407,18836.2363721103,FALSE
73.7105263157895,100,45.6140350877193,45.6140350877193,35.8674463937622,0,7.08211981566596,5586.0290261531,10812.7942435683,7523.80577231229,19881.5894155933,4638.39692562122,-2885.40884669108,19881.5894155933,FALSE
78.9684210526316,0.1,45.6140350877193,0.1,35.8674463937622,0,49.7948343082082,6631.38206963614,0,8569.15881579533,19.8815894155933,3804.51235571236,-4764.64646008297,19.8815894155933,FALSE
78.9684210526316,5.35789473684211,45.6140350877193,5.35789473684211,35.8674463937622,0,49.7948342910023,6631.38206963614,0,8569.15881579533,1065.23463289863,3886.71446870042,-4682.44434709491,1065.23463289863,FALSE
78.9684210526316,10.6157894736842,45.6140350877193,10.6157894736842,35.8674463937622,0,49.7948343080971,6631.38206963614,0,8569.15881579533,2110.58767638167,3965.60727431688,-4603.55154147845,2110.58767638167,FALSE
78.9684210526316,15.8736842105263,45.6140350877193,15.8736842105263,35.8674463937622,0,49.7948343227374,6631.38206963614,0,8569.15881579533,3155.94071986471,4041.19077256173,-4527.9680432336,3155.94071986471,FALSE
78.9684210526316,21.1315789473684,45.6140350877193,21.1315789473684,35.8674463937622,0,49.7948343151396,6631.38206963614,0,8569.15881579533,4201.29376334774,4113.46496343499,-4455.69385236034,4201.29376334774,FALSE
78.9684210526316,26.3894736842105,45.6140350877193,26.3894736842105,35.8674463937622,0,49.7948343075419,6631.38206963614,0,8569.15881579533,5246.64680683078,4182.42984693664,-4386.72896885869,5246.64680683078,FALSE
78.9684210526316,31.6473684210526,45.6140350877193,31.6473684210526,35.8674463937622,0,49.2910850716053,6631.38206963614,0,8569.15881579533,6291.99985031382,4247.90540812881,-4321.25340766652,6291.99985031382,FALSE
78.9684210526316,36.9052631578947,45.6140350877193,36.9052631578947,35.8674463937622,0,45.3631589225162,6631.38206963614,0,8569.15881579533,7337.35289379686,4308.96006574309,-4260.19875005224,7337.35289379686,FALSE
78.9684210526316,42.1631578947368,45.6140350877193,42.1631578947368,35.8674463937622,0,39.8876302773808,6631.38206963614,0,8569.15881579533,8382.70593727989,4363.30032251347,-4205.85849328186,8382.70593727989,FALSE
78.9684210526316,47.421052631579,45.6140350877193,45.6140350877193,35.8674463937622,0,35.0669108332998,6631.38206963614,359.263808737916,8569.15881579533,9428.05898076293,4411.91746212687,-4157.24135366846,9428.05898076293,FALSE
78.9684210526316,52.6789473684211,45.6140350877193,45.6140350877193,35.8674463937622,0,30.7078890927356,6631.38206963614,1404.61685222095,8569.15881579533,10473.412024246,4455.51350906332,-4113.64530673201,10473.412024246,FALSE
78.9684210526316,57.9368421052632,45.6140350877193,45.6140350877193,35.8674463937622,0,26.7849692031997,6631.38206963614,2449.96989570399,8569.15881579533,11518.765067729,4494.73836446737,-4074.42045132796,11518.765067729,FALSE
78.9684210526316,63.1947368421053,45.6140350877193,45.6140350877193,35.8674463937622,0,23.2529778811191,6631.38206963614,3495.32293918703,8569.15881579533,12564.118111212,4530.0628833519,-4039.09593244343,12564.118111212,FALSE
78.9684210526316,68.4526315789474,45.6140350877193,45.6140350877193,35.8674463937622,0,20.0738961549565,6631.38206963614,4540.67598267007,8569.15881579533,13609.4711546951,4561.84785856021,-4007.31095723512,13609.4711546951,FALSE
78.9684210526316,73.7105263157895,45.6140350877193,45.6140350877193,35.8674463937622,0,17.2200836777255,6631.38206963614,5586.0290261531,8569.15881579533,14654.8241981781,4590.38834570789,-3978.77047008744,14654.8241981781,FALSE
78.9684210526316,78.9684210526316,45.6140350877193,45.6140350877193,35.8674463937622,0,14.6668953182685,6631.38206963614,6631.38206963614,8569.15881579533,15700.1772416612,4615.91420041598,-3953.24461537935,15700.1772416612,FALSE
78.9684210526316,84.2263157894737,45.6140350877193,45.6140350877193,35.8674463937622,0,12.3970580048378,6631.38206963614,7676.73511311918,8569.15881579533,16745.5302851442,4638.62359991458,-3930.53521588075,16745.5302851442,FALSE
78.9684210526316,89.4842105263158,45.6140350877193,45.6140350877193,35.8674463937622,0,10.3928722926047,6631.38206963614,8722.08815660221,8569.15881579533,17790.8833286272,4658.66422732985,-3910.49458846548,17790.8833286272,FALSE
78.9684210526316,94.7421052631579,45.6140350877193,45.6140350877193,35.8674463937622,0,8.64247794280535,6631.38206963614,9767.44120008525,8569.15881579533,18836.2363721103,4676.16877944233,-3892.99003635301,18836.2363721103,FALSE
78.9684210526316,100,45.6140350877193,45.6140350877193,35.8674463937622,0,7.13528049360762,6631.38206963614,10812.7942435683,8569.15881579533,19881.5894155933,4691.24269642973,-3877.9161193656,19881.5894155933,FALSE
84.2263157894737,0.1,45.6140350877193,0.1,35.8674463937622,0,49.7948343063185,7676.73511311918,0,9614.51185927837,19.8815894155933,3857.09130308078,-5757.42055619759,19.8815894155933,FALSE
84.2263157894737,5.35789473684211,45.6140350877193,5.35789473684211,35.8674463937622,0,49.794834307088,7676.73511311918,0,9614.51185927837,1065.23463289863,3939.29341606884,-5675.21844320953,1065.23463289863,FALSE
84.2263157894737,10.6157894736842,45.6140350877193,10.6157894736842,35.8674463937622,0,49.7948343096596,7676.73511311918,0,9614.51185927837,2110.58767638167,4018.1862216853,-5596.32563759307,2110.58767638167,FALSE
84.2263157894737,15.8736842105263,45.6140350877193,15.8736842105263,35.8674463937622,0,49.794834311559,7676.73511311918,0,9614.51185927837,3155.94071986471,4093.76971993015,-5520.74213934821,3155.94071986471,FALSE
84.2263157894737,21.1315789473684,45.6140350877193,21.1315789473684,35.8674463937622,0,49.7948343053055,7676.73511311918,0,9614.51185927837,4201.29376334774,4166.04391080341,-5448.46794847496,4201.29376334774,FALSE
84.2263157894737,26.3894736842105,45.6140350877193,26.3894736842105,35.8674463937622,0,49.7948343077601,7676.73511311918,0,9614.51185927837,5246.64680683078,4235.00879430506,-5379.50306497331,5246.64680683078,FALSE
84.2263157894737,31.6473684210526,45.6140350877193,31.6473684210526,35.8674463937622,0,49.2910850716289,7676.73511311918,0,9614.51185927837,6291.99985031382,4300.48435549723,-5314.02750378114,6291.99985031382,FALSE
84.2263157894737,36.9052631578947,45.6140350877193,36.9052631578947,35.8674463937622,0,45.3564609834202,7676.73511311918,0,9614.51185927837,7337.35289379686,4361.53587999194,-5252.97597928643,7337.35289379686,FALSE
84.2263157894737,42.1631578947368,45.6140350877193,42.1631578947368,35.8674463937622,0,39.9247165395091,7676.73511311918,0,9614.51185927837,8382.70593727989,4415.92068373043,-5198.59117554794,8382.70593727989,FALSE
84.2263157894737,47.421052631579,45.6140350877193,45.6140350877193,35.8674463937622,0,35.0676478276712,7676.73511311918,359.263808737916,9614.51185927837,9428.05898076293,4464.49765682803,-5150.01420245034,9428.05898076293,FALSE
84.2263157894737,52.6789473684211,45.6140350877193,45.6140350877193,35.8674463937622,0,30.6350623844583,7676.73511311918,1404.61685222095,9614.51185927837,10473.412024246,4507.93110843294,-5106.58075084543,10473.412024246,FALSE
84.2263157894737,57.9368421052632,45.6140350877193,45.6140350877193,35.8674463937622,0,26.7827989875266,7676.73511311918,2449.96989570399,9614.51185927837,11518.765067729,4547.31149982084,-5067.20035945753,11518.765067729,FALSE
84.2263157894737,63.1947368421053,45.6140350877193,45.6140350877193,35.8674463937622,0,23.2531337956941,7676.73511311918,3495.32293918703,9614.51185927837,12564.118111212,4582.64231377597,-5031.8695455024,12564.118111212,FALSE
84.2263157894737,68.4526315789474,45.6140350877193,45.6140350877193,35.8674463937622,0,20.0744224575839,7676.73511311918,4540.67598267007,9614.51185927837,13609.4711546951,4614.42863559705,-5000.08322368132,13609.4711546951,FALSE
84.2263157894737,73.7105263157895,45.6140350877193,45.6140350877193,35.8674463937622,0,17.2105046902475,7676.73511311918,5586.0290261531,9614.51185927837,14654.8241981781,4642.93073365463,-4971.58112562373,14654.8241981781,FALSE
84.2263157894737,78.9684210526316,45.6140350877193,45.6140350877193,35.8674463937622,0,14.6675442949286,7676.73511311918,6631.38206963614,9614.51185927837,15700.1772416612,4668.49582144924,-4946.01603782913,15700.1772416612,FALSE
84.2263157894737,84.2263157894737,45.6140350877193,45.6140350877193,35.8674463937622,0,12.3681335793463,7676.73511311918,7676.73511311918,9614.51185927837,16745.5302851442,4691.07552107055,-4923.43633820781,16745.5302851442,FALSE
84.2263157894737,89.4842105263158,45.6140350877193,45.6140350877193,35.8674463937622,0,10.3931317139274,7676.73511311918,8722.08815660221,9614.51185927837,17790.8833286272,4711.24437540296,-4903.26748387541,17790.8833286272,FALSE
84.2263157894737,94.7421052631579,45.6140350877193,45.6140350877193,35.8674463937622,0,8.64217628327223,7676.73511311918,9767.44120008525,9614.51185927837,18836.2363721103,4728.74626777251,-4885.76559150585,18836.2363721103,FALSE
84.2263157894737,100,45.6140350877193,45.6140350877193,35.8674463937622,0,7.13456248674397,7676.73511311918,10812.7942435683,9614.51185927837,19881.5894155933,4743.81804222687,-4870.6938170515,19881.5894155933,FALSE
89.4842105263158,0.1,45.6140350877193,0.1,35.8674463937622,0,49.7948343098779,8722.08815660221,0,10659.8649027614,19.8815894155933,3909.6702504492,-6750.19465231221,19.8815894155933,FALSE
89.4842105263158,5.35789473684211,45.6140350877193,5.35789473684211,35.8674463937622,0,49.7948343055238,8722.08815660221,0,10659.8649027614,1065.23463289863,3991.87236343726,-6667.99253932414,1065.23463289863,FALSE
89.4842105263158,10.6157894736842,45.6140350877193,10.6157894736842,35.8674463937622,0,49.7948343055238,8722.08815660221,0,10659.8649027614,2110.58767638167,4070.76516905372,-6589.09973370769,2110.58767638167,FALSE
89.4842105263158,15.8736842105263,45.6140350877193,15.8736842105263,35.8674463937622,0,49.7948343055238,8722.08815660221,0,10659.8649027614,3155.94071986471,4146.34866729857,-6513.51623546283,3155.94071986471,FALSE
89.4842105263158,21.1315789473684,45.6140350877193,21.1315789473684,35.8674463937622,0,49.7948342927829,8722.08815660221,0,10659.8649027614,4201.29376334774,4218.62285817183,-6441.24204458957,4201.29376334774,FALSE
89.4842105263158,26.3894736842105,45.6140350877193,26.3894736842105,35.8674463937622,0,49.7948343079784,8722.08815660221,0,10659.8649027614,5246.64680683078,4287.58774167348,-6372.27716108792,5246.64680683078,FALSE
89.4842105263158,31.6473684210526,45.6140350877193,31.6473684210526,35.8674463937622,0,49.291085064792,8722.08815660221,0,10659.8649027614,6291.99985031382,4353.06330286565,-6306.80159989575,6291.99985031382,FALSE
89.4842105263158,36.9052631578947,45.6140350877193,36.9052631578947,35.8674463937622,0,45.3626750722373,8722.08815660221,0,10659.8649027614,7337.35289379686,4414.11773432639,-6245.74716843501,7337.35289379686,FALSE
89.4842105263158,42.1631578947368,45.6140350877193,42.1631578947368,35.8674463937622,0,39.8714695734299,8722.08815660221,0,10659.8649027614,8382.70593727989,4468.44011956298,-6191.42478319843,8382.70593727989,FALSE
89.4842105263158,47.421052631579,45.6140350877193,45.6140350877193,35.8674463937622,0,35.0676468618705,8722.08815660221,359.263808737916,10659.8649027614,9428.05898076293,4517.07660256191,-6142.78830019949,9428.05898076293,FALSE
89.4842105263158,52.6789473684211,45.6140350877193,45.6140350877193,35.8674463937622,0,30.7079848883732,8722.08815660221,1404.61685222095,10659.8649027614,10473.412024246,4560.67161562035,-6099.19328714105,10473.412024246,FALSE
89.4842105263158,57.9368421052632,45.6140350877193,45.6140350877193,35.8674463937622,0,26.7847849542226,8722.08815660221,2449.96989570399,10659.8649027614,11518.765067729,4599.89576579216,-6059.96913696924,11518.765067729,FALSE
89.4842105263158,63.1947368421053,45.6140350877193,45.6140350877193,35.8674463937622,0,23.0790852793506,8722.08815660221,3495.32293918703,10659.8649027614,12564.118111212,4634.68022216396,-6025.18468059744,12564.118111212,FALSE
89.4842105263158,68.4526315789474,45.6140350877193,45.6140350877193,35.8674463937622,0,20.0741037736612,8722.08815660221,4540.67598267007,10659.8649027614,13609.4711546951,4667.00647507847,-5992.85842768293,13609.4711546951,FALSE
89.4842105263158,73.7105263157895,45.6140350877193,45.6140350877193,35.8674463937622,0,17.2147713474961,8722.08815660221,5586.0290261531,10659.8649027614,14654.8241981781,4695.52596661054,-5964.33893615086,14654.8241981781,FALSE
89.4842105263158,78.9684210526316,45.6140350877193,45.6140350877193,35.8674463937622,0,14.6422282181034,8722.08815660221,6631.38206963614,10659.8649027614,15700.1772416612,4720.97043407076,-5938.89446869064,15700.1772416612,FALSE
89.4842105263158,84.2263157894737,45.6140350877193,45.6140350877193,35.8674463937622,0,12.3594337801351,8722.08815660221,7676.73511311918,10659.8649027614,16745.5302851442,4743.61624241407,-5916.24866034734,16745.5302851442,FALSE
89.4842105263158,89.4842105263158,45.6140350877193,45.6140350877193,35.8674463937622,0,10.3923086961384,8722.08815660221,8722.08815660221,10659.8649027614,17790.8833286272,4763.81951349129,-5896.04538927011,17790.8833286272,FALSE
89.4842105263158,94.7421052631579,45.6140350877193,45.6140350877193,35.8674463937622,0,8.64239916145031,8722.08815660221,9767.44120008525,10659.8649027614,18836.2363721103,4781.32629313802,-5878.53860962338,18836.2363721103,FALSE
89.4842105263158,100,45.6140350877193,45.6140350877193,35.8674463937622,0,7.103409624779,8722.08815660221,10812.7942435683,10659.8649027614,19881.5894155933,4796.2406656503,-5863.62423711111,19881.5894155933,FALSE
94.7421052631579,0.1,45.6140350877193,0.1,35.8674463937622,0,49.7948343075246,9767.44120008525,0,11705.2179462444,19.8815894155933,3962.24919781762,-7742.96874842682,19.8815894155933,FALSE
94.7421052631579,5.35789473684211,45.6140350877193,5.35789473684211,35.8674463937622,0,49.7948343102131,9767.44120008525,0,11705.2179462444,1065.23463289863,4044.45131080568,-7660.76663543876,1065.23463289863,FALSE
94.7421052631579,10.6157894736842,45.6140350877193,10.6157894736842,35.8674463937622,0,49.7948343070863,9767.44120008525,0,11705.2179462444,2110.58767638167,4123.34411642214,-7581.8738298223,2110.58767638167,FALSE
94.7421052631579,15.8736842105263,45.6140350877193,15.8736842105263,35.8674463937622,0,49.7948343412759,9767.44120008525,0,11705.2179462444,3155.94071986471,4198.927614667,-7506.29033157744,3155.94071986471,FALSE
94.7421052631579,21.1315789473684,45.6140350877193,21.1315789473684,35.8674463937622,0,49.794834309541,9767.44120008525,0,11705.2179462444,4201.29376334774,4271.20180554025,-7434.01614070419,4201.29376334774,FALSE
94.7421052631579,26.3894736842105,45.6140350877193,26.3894736842105,35.8674463937622,0,49.7948343043978,9767.44120008525,0,11705.2179462444,5246.64680683078,4340.1666890419,-7365.05125720254,5246.64680683078,FALSE
94.7421052631579,31.6473684210526,45.6140350877193,31.6473684210526,35.8674463937622,0,49.2910850349511,9767.44120008525,0,11705.2179462444,6291.99985031382,4405.64225023407,-7299.57569601037,6291.99985031382,FALSE
94.7421052631579,36.9052631578947,45.6140350877193,36.9052631578947,35.8674463937622,0,45.3586822934863,9767.44120008525,0,11705.2179462444,7337.35289379686,4466.69481439075,-7238.52313185369,7337.35289379686,FALSE
94.7421052631579,42.1631578947368,45.6140350877193,42.1631578947368,35.8674463937622,0,39.9252237665304,9767.44120008525,0,11705.2179462444,8382.70593727989,4521.07914374803,-7184.13880249641,8382.70593727989,FALSE
94.7421052631579,47.421052631579,45.6140350877193,45.6140350877193,35.8674463937622,0,35.0675561946092,9767.44120008525,359.263808737916,11705.2179462444,9428.05898076293,4569.65539648319,-7135.56254976125,9428.05898076293,FALSE
94.7421052631579,52.6789473684211,45.6140350877193,45.6140350877193,35.8674463937622,0,30.7077273332634,9767.44120008525,1404.61685222095,11705.2179462444,10473.412024246,4613.24999348883,-7091.96795275561,10473.412024246,FALSE
94.7421052631579,57.9368421052632,45.6140350877193,45.6140350877193,35.8674463937622,0,26.7849616528118,9767.44120008525,2449.96989570399,11705.2179462444,11518.765067729,4652.47518635305,-7052.74275989139,11518.765067729,FALSE
94.7421052631579,63.1947368421053,45.6140350877193,45.6140350877193,35.8674463937622,0,23.2530258731957,9767.44120008525,3495.32293918703,11705.2179462444,12564.118111212,4687.79987414687,-7017.41807209757,12564.118111212,FALSE
94.7421052631579,68.4526315789474,45.6140350877193,45.6140350877193,35.8674463937622,0,20.073919807366,9767.44120008525,4540.67598267007,11705.2179462444,13609.4711546951,4719.58478289276,-6985.63316335168,13609.4711546951,FALSE
94.7421052631579,73.7105263157895,45.6140350877193,45.6140350877193,35.8674463937622,0,17.2202883849016,9767.44120008525,5586.0290261531,11705.2179462444,14654.8241981781,4748.12596898492,-6957.09197725952,14654.8241981781,FALSE
94.7421052631579,78.9684210526316,45.6140350877193,45.6140350877193,35.8674463937622,0,14.6676141187097,9767.44120008525,6631.38206963614,11705.2179462444,15700.1772416612,4773.65400384427,-6931.56394240017,15700.1772416612,FALSE
94.7421052631579,84.2263157894737,45.6140350877193,45.6140350877193,35.8674463937622,0,12.3964368925616,9767.44120008525,7676.73511311918,11705.2179462444,16745.5302851442,4796.35771535242,-6908.86023089202,16745.5302851442,FALSE
94.7421052631579,89.4842105263158,45.6140350877193,45.6140350877193,35.8674463937622,0,10.3927636716259,9767.44120008525,8722.08815660221,11705.2179462444,17790.8833286272,4816.40056669179,-6888.81737955265,17790.8833286272,FALSE
94.7421052631579,94.7421052631579,45.6140350877193,45.6140350877193,35.8674463937622,0,8.64264405188769,9767.44120008525,9767.44120008525,11705.2179462444,18836.2363721103,4833.90642496363,-6871.31152128081,18836.2363721103,FALSE
94.7421052631579,100,45.6140350877193,45.6140350877193,35.8674463937622,0,7.1348559999748,9767.44120008525,10812.7942435683,11705.2179462444,19881.5894155933,4848.97740925346,-6856.24053699098,19881.5894155933,FALSE
100,0.1,45.6140350877193,0.1,35.8674463937622,0,49.7948343256169,10812.7942435683,0,12750.5709897275,19.8815894155933,4014.82814518604,-8735.74284454144,19.8815894155933,FALSE
100,5.35789473684211,45.6140350877193,5.35789473684211,35.8674463937622,0,49.794834308415,10812.7942435683,0,12750.5709897275,1065.23463289863,4097.0302581741,-8653.54073155338,1065.23463289863,FALSE
100,10.6157894736842,45.6140350877193,10.6157894736842,35.8674463937622,0,49.7948343097592,10812.7942435683,0,12750.5709897275,2110.58767638167,4175.92306379056,-8574.64792593692,2110.58767638167,FALSE
100,15.8736842105263,45.6140350877193,15.8736842105263,35.8674463937622,0,49.7948343021615,10812.7942435683,0,12750.5709897275,3155.94071986471,4251.50656203542,-8499.06442769206,3155.94071986471,FALSE
100,21.1315789473684,45.6140350877193,21.1315789473684,35.8674463937622,0,49.7948343111035,10812.7942435683,0,12750.5709897275,4201.29376334774,4323.78075290867,-8426.79023681881,4201.29376334774,FALSE
100,26.3894736842105,45.6140350877193,26.3894736842105,35.8674463937622,0,49.7948343073046,10812.7942435683,0,12750.5709897275,5246.64680683078,4392.74563641032,-8357.82535331716,5246.64680683078,FALSE
100,31.6473684210526,45.6140350877193,31.6473684210526,35.8674463937622,0,49.2910850434706,10812.7942435683,0,12750.5709897275,6291.99985031382,4458.22119760249,-8292.34979212499,6291.99985031382,FALSE
100,36.9052631578947,45.6140350877193,36.9052631578947,35.8674463937622,0,45.3627838101924,10812.7942435683,0,12750.5709897275,7337.35289379686,4519.27567989021,-8231.29530983727,7337.35289379686,FALSE
100,42.1631578947368,45.6140350877193,42.1631578947368,35.8674463937622,0,39.924525896683,10812.7942435683,0,12750.5709897275,8382.70593727989,4573.65731336528,-8176.9136763622,8382.70593727989,FALSE
100,47.421052631579,45.6140350877193,45.6140350877193,35.8674463937622,0,35.066811543238,10812.7942435683,359.263808737916,12750.5709897275,9428.05898076293,4622.23308355126,-8128.33790617622,9428.05898076293,FALSE
100,52.6789473684211,45.6140350877193,45.6140350877193,35.8674463937622,0,30.7072603801011,10812.7942435683,1404.61685222095,12750.5709897275,10473.412024246,4665.82790832101,-8084.74308140647,10473.412024246,FALSE
100,57.9368421052632,45.6140350877193,45.6140350877193,35.8674463937622,0,26.7852520124235,10812.7942435683,2449.96989570399,12750.5709897275,11518.765067729,4705.054911286,-8045.51607844148,11518.765067729,FALSE
100,63.1947368421053,45.6140350877193,45.6140350877193,35.8674463937622,0,23.245053876313,10812.7942435683,3495.32293918703,12750.5709897275,12564.118111212,4740.35411880832,-8010.21687091915,12564.118111212,FALSE
100,68.4526315789474,45.6140350877193,45.6140350877193,35.8674463937622,0,20.0739747767585,10812.7942435683,4540.67598267007,12750.5709897275,13609.4711546951,4772.16392136129,-7978.40706836619,13609.4711546951,FALSE
100,73.7105263157895,45.6140350877193,45.6140350877193,35.8674463937622,0,17.2205522729316,10812.7942435683,5586.0290261531,12750.5709897275,14654.8241981781,4800.70592335455,-7949.86506637293,14654.8241981781,FALSE
100,78.9684210526316,45.6140350877193,45.6140350877193,35.8674463937622,0,14.6601427323157,10812.7942435683,6631.38206963614,12750.5709897275,15700.1772416612,4826.20216750022,-7924.36882222726,15700.1772416612,FALSE
100,84.2263157894737,45.6140350877193,45.6140350877193,35.8674463937622,0,12.3965736298011,10812.7942435683,7676.73511311918,12750.5709897275,16745.5302851442,4848.93726299785,-7901.63372672962,16745.5302851442,FALSE
100,89.4842105263158,45.6140350877193,45.6140350877193,35.8674463937622,0,10.3929862427288,10812.7942435683,8722.08815660221,12750.5709897275,17790.8833286272,4868.98054421085,-7881.59044551663,17790.8833286272,FALSE
100,94.7421052631579,45.6140350877193,45.6140350877193,35.8674463937622,0,8.6424866400557,10812.7942435683,9767.44120008525,12750.5709897275,18836.2363721103,4886.48461098189,-7864.08637874559,18836.2363721103,FALSE
100,100,45.6140350877193,45.6140350877193,35.8674463937622,0,7.10359621728525,10812.7942435683,10812.7942435683,12750.5709897275,19881.5894155933,4901.39949704541,-7849.17149268207,19881.5894155933,FALSE
